,ParticipantNumber,RoomID,MemoryTest1,MemoryTest2,MemoryTest3,MemoryAverage,AttentionTest
1,1,OC,,,,,
2,1,OA,,,,,
3,1,OC/OA,,,,,
4,1,111,5,9,7,7,698.86
5,1,25,9,9,8,8.666666667,675.79
6,1,86,5,8,10,7.666666667,440.42
7,1,118,7,6,8,7,471.3
8,1,46,6,9,8,7.666666667,442.17
9,2,OC,,,,,
10,2,OA,,,,,
11,2,OC/OA,,,,,
12,2,52,7,6,6,6.333333333,452.916656
13,2,155,8,7,10,8.333333333,411.25
14,2,75,7,5,4,5.333333333,440.833344
15,2,152,8,7,9,8,439.130432
16,2,50,11,6,9,8.666666667,417.391296
17,3,OC,,,,,
18,3,OA,,,,,
19,3,OC/OA,,,,,
20,3,113,8,9,7,8,386.52
21,3,33,9,6,9,8,414.58
22,3,57,11,4,9,8,400.87
23,3,32,10,7,9,8.666666667,388.75
24,3,144,10,13,8,10.33333333,375
25,4,OC,,,,,
26,4,OA,,,,,
27,4,OC/OA,,,,,
28,4,9,6,6,11,7.666666667,397.083344
29,4,106,8,8,9,8.333333333,384.583344
30,4,32,7,9,7,7.666666667,333.75
31,4,84,8,10,9,9,370.416656
32,4,30,7,9,7,7.666666667,362.916656
33,5,OC,,,,,
34,5,OA,,,,,
35,5,OC/OA,,,,,
36,5,26,7,6,6,6.333333333,428.333344
37,5,67,5,7,7,6.333333333,410.416656
38,5,56,7,6,7,6.666666667,365.833344
39,5,63,6,6,8,6.666666667,348.75
40,5,28,6,3,4,4.333333333,325.5
41,6,OC,,,,,
42,6,OA,,,,,
43,6,OC/OA,,,,,
44,6,16,,,,,
45,6,78,9,8,8,8.333333333,475
46,6,12,7,7,9,7.666666667,457.083344
47,6,99,8,6,11,8.333333333,456.086945
48,6,6,,,,,
49,7,OC,,,,,
50,7,OA,,,,,
51,7,OC/OA,,,,,
52,7,1,9,6,8,7.666666667,391.3
53,7,14,6,7,10,7.666666667,414.29
54,7,63,8,9,4,7,462.92
55,7,128,5,9,4,6,406.67
56,7,3,5,9,9,7.666666667,438.75
57,7,98,6,8,7,7,442.1
58,8,OC,,,,,
59,8,OA,,,,,
60,8,OC/OA,,,,,
61,8,1,8,7,6,7,462.6
62,8,31,8,8,8,8,413.48
63,8,119,7,7,9,7.666666667,438.33
64,8,71,9,8,7,8,409.58
65,8,50,8,9,7,8,429.57
66,8,127,7,5,9,7,433.48
67,9,OC,,,,,
68,9,OA,,,,,
69,9,OC/OA,,,,,
70,9,1,5,7,7,6.333333333,372.916656
71,9,90,6,4,6,5.333333333,372.17392
72,9,36,8,5,8,7,385.833344
73,9,136,3,5,6,4.666666667,412.916656
74,9,70,6,5,8,6.333333333,365
75,9,54,7,7,6,6.666666667,382.608704
76,10,OC,,,,,
77,10,OA,,,,,
78,10,OC/OA,,,,,
79,10,1,7,5,7,6.333333333,437.083344
80,10,57,5,9,6,6.666666667,451.304352
81,10,156,4,6,7,5.666666667,477.391296
82,10,13,4,7,4,5,427.916656
83,10,97,6,4,7,5.666666667,496.666656
84,10,144,7,9,4,6.666666667,493.913055
85,11,OC,,,,,
86,11,OA,,,,,
87,11,OC/OA,,,,,
88,11,1,7,6,7,6.666666667,530.9
89,11,153,6,8,5,6.333333333,493
90,11,47,6,8,4,6,477.5
91,11,61,9,7,6,7.333333333,463.64
92,11,134,6,7,7,6.666666667,413.18
93,11,22,7,7,6,6.666666667,445.22
94,12,OC,,,,,
95,12,OA,,,,,
96,12,OC/OA,,,,,
97,12,1,4,8,8,6.666666667,438.260864
98,12,134,10,9,7,8.666666667,484.17392
99,12,59,9,9,10,9.333333333,494.166656
100,12,41,10,7,7,8,487.428558
101,12,130,8,4,8,6.666666667,466.956512
102,12,100,9,6,9,8,410.478271
103,13,OC,,,,,
104,13,OA,,,,,
105,13,OC/OA,,,,,
106,13,2,5,5,9,6.333333333,369.583344
107,13,37,8,8,8,8,398.625
108,13,64,7,7,8,7.333333333,410.416656
109,13,119,5,8,7,6.666666667,391.25
110,13,85,7,7,8,7.333333333,421.375
111,13,43,8,7,9,8,397.375
112,14,OC,,,,,
113,14,OA,,,,,
114,14,OC/OA,,,,,
115,14,2,7,7,7,7,451.818176
116,14,42,5,9,5,6.333333333,446.458344
117,14,128,6,7,5,6,458.409088
118,14,104,4,5,9,6,449.166656
119,14,147,6,7,5,6,440.416656
120,14,22,9,7,6,7.333333333,462.5
121,15,OC,,,,,
122,15,OA,,,,,
123,15,OC/OA,,,,,
124,15,2,9,7,9,8.333333333,452.5
125,15,81,9,6,10,8.333333333,408.333344
126,15,39,8,7,7,7.333333333,452.916656
127,15,132,7,6,8,7,465.833344
128,15,26,6,8,8,7.333333333,408.75
129,15,94,8,9,10,9,423.75
130,16,OC,,,,,
131,16,OA,,,,,
132,16,OC/OA,,,,,
133,16,2,10,7,9,8.666666667,425.83
134,16,73,9,12,8,9.666666667,399.17
135,16,146,8,11,8,9,400
136,16,56,11,8,9,9.333333333,419.58
137,16,112,8,10,8,8.666666667,407.92
138,16,91,10,11,4,8.333333333,385.42
139,17,OC,,,,,
140,17,OA,,,,,
141,17,OC/OA,,,,,
142,17,2,8,7,6,7,492.333344
143,17,109,6,7,5,6,
144,17,53,8,6,6,6.666666667,423.041656
145,17,105,6,7,7,6.666666667,440.291656
146,17,37,7,8,8,7.666666667,443.478271
147,17,150,7,5,4,5.333333333,478.166656
148,18,OC,,,,,
149,18,OA,,,,,
150,18,OC/OA,,,,,
151,18,2,4,7,9,6.666666667,466.17392
152,18,120,5,2,8,5,420.954559
153,18,106,6,6,5,5.666666667,493.208344
154,18,38,4,5,8,5.666666667,423.666656
155,18,93,3,4,8,5,446.75
156,18,140,6,4,10,6.666666667,463.916656
157,19,OC,,,,,
158,19,OA,,,,,
159,19,OC/OA,,,,,
160,19,1,6,7,8,7,491.304352
161,19,20,8,7,9,8,466.086945
162,19,101,8,8,9,8.333333333,494.521729
163,19,110,10,8,6,8,486.125
164,19,51,6,5,7,6,480.347839
165,19,107,6,9,8,7.666666667,474.217377
166,20,OC,,,,,
167,20,OA,,,,,
168,20,OC/OA,,,,,
169,20,1,8,9,7,8,455.416656
170,20,5,8,11,7,8.666666667,527.652161
171,20,120,10,10,8,9.333333333,523.590881
172,20,85,8,9,9,8.666666667,448.695648
173,20,35,9,9,6,8,447.916656
174,20,127,8,10,8,8.666666667,469.565216
175,21,OC,,,,,
176,21,OA,,,,,
177,21,OC/OA,,,,,
178,21,1,8,7,5,6.666666667,588.761902
179,21,57,7,4,6,5.666666667,545.150024
180,21,44,7,5,6,6,528.333313
181,21,145,4,7,6,5.666666667,484.260864
182,21,86,8,8,4,6.666666667,510
183,21,47,8,8,7,7.666666667,536.652161
184,22,OC,,,,,
185,22,OA,,,,,
186,22,OC/OA,,,,,
187,22,1,7,9,8,8,412.125
188,22,65,9,8,7,8,399.739136
189,22,129,5,5,8,6,461.333344
190,22,30,4,7,6,5.666666667,367.5
191,22,82,7,7,10,8,397.666656
192,22,109,8,6,6,6.666666667,398.25
193,23,OC,,,,,
194,23,OA,,,,,
195,23,OC/OA,,,,,
196,23,1,9,9,7,8.333333333,462.92
197,23,149,7,8,5,6.666666667,450
198,23,48,7,8,4,6.333333333,459.58
199,23,58,6,8,7,7,433.33
200,23,115,6,9,5,6.666666667,427.92
201,23,28,4,5,5,4.666666667,443.04
202,24,OC,,,,,
203,24,OA,,,,,
204,24,OC/OA,,,,,
205,24,1,8,9,6,7.666666667,460
206,24,141,5,3,4,4,497
207,24,101,7,5,7,6.333333333,513.388916
208,24,4,5,4,6,5,470.17392
209,24,117,6,4,4,4.666666667,501.590912
210,24,81,10,7,8,8.333333333,460.058838
211,25,OC,,,,,
212,25,OA,,,,,
213,25,OC/OA,,,,,
214,25,2,6,6,7,6.333333333,375
215,25,54,7,9,8,8,401.25
216,25,74,8,7,6,7,450.958344
217,25,138,8,7,9,8,478.291656
218,25,84,6,5,9,6.666666667,441.666656
219,25,6,8,8,8,8,429.958344
220,26,OC,,,,,
221,26,OA,,,,,
222,26,OC/OA,,,,,
223,26,2,7,5,5,5.666666667,526.086975
224,26,27,6,8,7,7,436.347839
225,26,128,10,5,6,7,416.25
226,26,58,8,5,2,5,397.916656
227,26,125,8,9,8,8.333333333,462.5
228,26,23,8,9,7,8,421.416656
229,27,OC,,,,,
230,27,OA,,,,,
231,27,OC/OA,,,,,
232,27,2,7,5,8,6.666666667,494.136353
233,27,72,5,7,8,6.666666667,449.130432
234,27,34,7,5,7,6.333333333,444.782623
235,27,116,6,7,9,7.333333333,468.260864
236,27,43,10,7,7,8,461.739136
237,27,59,11,9,7,9,412.083344
238,28,OC,,,,,
239,28,OA,,,,,
240,28,OC/OA,,,,,
241,28,2,7,7,7,7,447.7
242,28,89,10,7,8,8.333333333,466.46
243,28,117,5,6,8,6.333333333,499.5
244,28,16,8,10,9,9,407
245,28,143,7,8,10,8.333333333,476.33
246,28,59,9,8,7,8,412.38
247,29,OC,,,,,
248,29,OA,,,,,
249,29,OC/OA,,,,,
250,29,2,8,10,11,9.666666667,511.333344
251,29,156,6,7,6,6.333333333,478.125
252,29,42,5,9,7,7,417.391296
253,29,88,4,9,8,7,387.916656
254,29,11,10,10,7,9,436.583344
255,29,118,7,11,9,9,397.583344
256,30,OC,,,,,
257,30,OA,,,,,
258,30,OC/OA,,,,,
259,30,2,5,11,9,8.333333333,431
260,30,148,8,2,8,6,463.13
261,30,62,7,7,7,7,507.38
262,30,14,5,6,6,5.666666667,518.29
263,30,83,8,6,9,7.666666667,554.5
264,30,134,6,5,6,5.666666667,538.75
265,31,OC,,,,,
266,31,OA,,,,,
267,31,OC/OA,,,,,
268,31,1,5,7,5,5.666666667,451.304352
269,31,8,7,4,5,5.333333333,500.916656
270,31,96,6,9,6,7,498.833344
271,31,135,5,7,4,5.333333333,486.380951
272,31,6,5,7,6,6,524.869568
273,31,91,6,5,6,5.666666667,550.260864
274,32,OC,,,,,
275,32,OA,,,,,
276,32,OC/OA,,,,,
277,32,1,8,10,7,8.333333333,365.416656
278,32,38,10,7,9,8.666666667,392.333344
279,32,147,9,9,8,8.666666667,425.416656
280,32,103,8,8,10,8.666666667,375.416656
281,32,21,11,9,7,9,399.375
282,32,115,6,10,10,8.666666667,392.791656
283,33,OC,,,,,
284,33,OA,,,,,
285,33,OC/OA,,,,,
286,33,1,7,7,6,6.666666667,495
287,33,92,7,6,7,6.666666667,426.25
288,33,49,8,7,8,7.666666667,439.166656
289,33,121,7,5,5,5.666666667,502.083344
290,33,76,7,6,7,6.666666667,463.181824
291,33,27,8,6,7,7,452.083344
292,34,OC,,,,,
293,34,OA,,,,,
294,34,OC/OA,,,,,
295,34,1,10,10,9,9.666666667,510
296,34,107,12,9,8,9.666666667,459.166656
297,34,155,11,8,12,10.33333333,488
298,34,47,8,8,7,7.666666667,494.782623
299,34,96,7,9,10,8.666666667,503.333344
300,34,138,8,9,8,8.333333333,523.181824
301,35,OC,,,,,
302,35,OA,,,,,
303,35,OC/OA,,,,,
304,35,1,9,11,10,10,455.714294
305,35,115,6,10,8,8,433.75
306,35,49,8,7,6,7,437.083344
307,35,79,9,7,11,9,420.434784
308,35,111,7,10,6,7.666666667,410
309,35,39,7,9,8,8,427.5
310,36,OC,,,,,
311,36,OA,,,,,
312,36,OC/OA,,,,,
313,36,1,8,7,8,7.666666667,473.333344
314,36,129,8,6,7,7,481.304352
315,36,71,10,8,8,8.666666667,501.863647
316,36,3,7,5,9,7,445.916656
317,36,144,5,5,5,5,487.454559
318,36,93,6,5,6,5.666666667,459.17392
319,37,OC,,,,,
320,37,OA,,,,,
321,37,OC/OA,,,,,
322,37,2,6,9,10,8.333333333,469.83
323,37,18,7,11,9,9,472.1
324,37,93,6,9,5,6.666666667,448.8
325,37,121,6,7,6,6.333333333,463.17
326,37,69,8,7,10,8.333333333,482.96
327,37,41,5,7,6,6,522.8
328,38,OC,,,,,
329,38,OA,,,,,
330,38,OC/OA,,,,,
331,38,2,5,5,5,5,425.416656
332,38,15,8,7,6,7,418.75
333,38,153,7,9,4,6.666666667,393.333344
334,38,73,6,6,4,5.333333333,368.333344
335,38,118,7,5,5,5.666666667,375.416656
336,38,54,5,6,7,6,370.833344
337,39,OC,,,,,
338,39,OA,,,,,
339,39,OC/OA,,,,,
340,39,2,8,10,9,9,386.086945
341,39,71,6,6,8,6.666666667,474.347839
342,39,25,9,8,8,8.333333333,476.25
343,39,132,6,5,6,5.666666667,512.727295
344,39,4,10,5,5,6.666666667,448.636353
345,39,108,7,7,8,7.333333333,466.25
346,40,OC,,,,,
347,40,OA,,,,,
348,40,OC/OA,,,,,
349,40,2,8,9,7,8,466.67
350,40,95,10,8,6,8,400.87
351,40,141,9,8,10,9,375.42
352,40,9,7,9,7,7.666666667,380.83
353,40,142,6,8,12,8.666666667,380
354,40,96,7,7,8,7.333333333,355
355,41,OC,,,,,
356,41,OA,,,,,
357,41,OC/OA,,,,,
358,41,2,8,8,8,8,373.333344
359,41,125,5,6,5,5.333333333,377.82608
360,41,21,6,7,6,6.333333333,380.583344
361,41,87,4,5,7,5.333333333,427.652161
362,41,17,7,6,9,7.333333333,390
363,41,117,7,6,9,7.333333333,451
364,42,OC,,,,,
365,42,OA,,,,,
366,42,OC/OA,,,,,
367,42,2,7,9,8,8,483
368,42,139,8,9,9,8.666666667,429
369,42,80,8,7,8,7.666666667,439
370,42,51,8,7,6,7,489
371,42,83,8,9,9,8.666666667,458
372,42,130,7,6,7,6.666666667,392
373,43,OC,,,,,
374,43,OA,,,,,
375,43,OC/OA,,,,,
376,43,23,8,5,9,7.333333333,559.41
377,43,60,7,9,7,7.666666667,540.9
378,43,123,7,9,8,8,472.16
379,43,103,6,10,7,7.666666667,490.91
380,43,34,7,8,8,7.666666667,465.66
381,43,113,7,10,8,8.333333333,544.33
382,44,OC,,,,,
383,44,OA,,,,,
384,44,OC/OA,,,,,
385,44,13,6,10,7,7.666666667,524.545471
386,44,110,7,7,7,7,578.333313
387,44,65,8,11,8,9,461.666656
388,44,136,9,8,8,8.333333333,553.181824
389,44,15,8,9,8,8.333333333,447.083344
390,44,104,6,11,8,8.333333333,472.916656
391,45,OC,,,,,
392,45,OA,,,,,
393,45,OC/OA,,,,,
394,45,92,10,9,7,8.666666667,491.428558
395,45,18,9,8,10,9,483.478271
396,45,35,7,8,10,8.333333333,472.916656
397,45,137,11,6,10,9,454.166656
398,45,97,7,6,8,7,440
399,45,126,10,9,8,9,425.416656
400,46,OC,,,,,
401,46,OA,,,,,
402,46,OC/OA,,,,,
403,46,89,6,8,10,8,410
404,46,126,4,11,7,7.333333333,378.58
405,46,40,8,9,9,8.666666667,373.33
406,46,151,8,8,10,8.666666667,406.66
407,46,66,9,8,7,8,375.83
408,46,19,6,13,7,8.666666667,400.83
409,47,OC,,,,,
410,47,OA,,,,,
411,47,OC/OA,,,,,
412,47,133,9,5,6,6.666666667,429.291656
413,47,23,8,7,7,7.333333333,394.166656
414,47,86,7,10,7,8,430.416656
415,47,29,6,10,6,7.333333333,456.260864
416,47,135,6,9,5,6.666666667,438.458344
417,47,78,6,7,8,7,409.666656
418,48,OC,,,,,
419,48,OA,,,,,
420,48,OC/OA,,,,,
421,48,154,5,3,5,4.333333333,4599.166656
422,48,67,5,5,5,5,505.208344
423,48,8,6,4,5,5,573.217407
424,48,80,5,5,6,5.333333333,571.782593
425,48,150,6,5,6,5.666666667,503.190491
426,48,11,5,5,5,5,544.772705
427,49,OC,,,,,
428,49,OA,,,,,
429,49,OC/OA,,,,,
430,49,19,8,9,7,8,460.909088
431,49,102,12,9,11,10.66666667,441.739136
432,49,151,9,5,9,7.666666667,513.043457
433,49,52,11,7,10,9.333333333,466.666656
434,49,79,8,11,9,9.333333333,475.833344
435,49,109,9,9,8,8.666666667,491.666656
436,50,OC,,,,,
437,50,OA,,,,,
438,50,OC/OA,,,,,
439,50,20,9,9,9,9,430.416656
440,50,152,8,7,11,8.666666667,437.083344
441,50,68,8,10,9,9,460.833344
442,50,39,8,9,8,8.333333333,489.166656
443,50,124,8,11,6,8.333333333,467.083344
444,50,65,6,10,8,8,477.083344
445,51,OC,,,,,
446,51,OA,,,,,
447,51,OC/OA,,,,,
448,51,70,6,4,5,5,476.78
449,51,44,6,7,7,6.666666667,506.65
450,51,126,4,3,6,4.333333333,470.96
451,51,77,5,2,4,3.666666667,494.55
452,51,48,6,6,5,5.666666667,478.95
453,51,152,7,4,7,6,525
454,52,OC,,,,,
455,52,OA,,,,,
456,52,OC/OA,,,,,
457,52,72,7,9,9,8.333333333,380
458,52,139,6,9,7,7.333333333,415
459,52,7,9,9,7,8.333333333,417
460,52,102,8,10,6,8,405
461,52,154,9,9,7,8.333333333,430
462,52,17,8,8,10,8.666666667,403
463,53,OC,,,,,
464,53,OA,,,,,
465,53,OC/OA,,,,,
466,53,136,5,7,8,6.666666667,437.083344
467,53,11,7,8,7,7.333333333,445.304352
468,53,104,7,8,7,7.333333333,513.347839
469,53,153,7,7,5,6.333333333,461.291656
470,53,12,7,8,6,7,450.727264
471,53,105,8,7,6,7,412.458344
472,54,OC,,,,,
473,54,OA,,,,,
474,54,OC/OA,,,,,
475,54,138,8,8,9,8.333333333,484.545441
476,54,82,10,11,10,10.33333333,443.333344
477,54,51,11,12,8,10.33333333,415.833344
478,54,145,10,11,10,10.33333333,425.833344
479,54,90,10,10,10,10,412.916656
480,54,10,11,10,9,10,419.583344
481,55,OC,,,,,
482,55,OA,,,,,
483,55,OC/OA,,,,,
484,55,40,8,8,7,7.666666667,390
485,55,89,7,9,7,7.666666667,443.636353
486,55,156,4,8,8,6.666666667,432.5
487,55,92,8,6,9,7.666666667,421.739136
488,55,16,8,9,11,9.333333333,416.956512
489,55,114,7,7,9,7.666666667,439.208344
490,56,OC,,,,,
491,56,OA,,,,,
492,56,OC/OA,,,,,
493,56,45,6,7,5,6,432.916656
494,56,137,5,8,6,6.333333333,370.833344
495,56,87,6,9,7,7.333333333,420
496,56,116,6,7,9,7.333333333,401.666656
497,56,8,11,8,9,9.333333333,455.217377
498,56,69,7,6,9,7.333333333,400.869568
499,57,OC,,,,,
500,57,OA,,,,,
501,57,OC/OA,,,,,
502,57,78,7,4,6,5.666666667,458.083344
503,57,13,9,6,9,8,415
504,57,148,8,4,4,5.333333333,408.75
505,57,29,7,7,5,6.333333333,417.083344
506,57,99,7,5,4,5.333333333,410.869568
507,57,143,5,3,6,4.666666667,398.260864
508,58,OC,,,,,
509,58,OA,,,,,
510,58,OC/OA,,,,,
511,58,94,8,6,9,7.666666667,528.095215
512,58,151,8,8,6,7.333333333,529.090881
513,58,52,7,6,8,7,565.78949
514,58,149,7,8,7,7.333333333,550.434753
515,58,81,4,7,7,6,569
516,58,42,5,5,7,5.666666667,534.285706
517,59,OC,,,,,
518,59,OA,,,,,
519,59,OC/OA,,,,,
520,59,114,9,9,6,8,620.909119
521,59,40,7,8,9,8,602.733337
522,59,95,9,5,7,7,616.363647
523,59,31,5,8,6,6.333333333,646.923096
524,59,143,7,7,6,6.666666667,642.727295
525,59,77,7,6,3,5.333333333,640
526,60,OC,,,,,
527,60,OA,,,,,
528,60,OC/OA,,,,,
529,60,140,7,7,11,8.333333333,380
530,60,103,9,12,7,9.333333333,346.25
531,60,18,9,7,6,7.333333333,344.583344
532,60,61,7,9,10,8.666666667,338.75
533,60,110,10,6,10,8.666666667,362.5
534,60,15,8,9,10,9,346.25
535,61,OC,,,,,
536,61,OA,,,,,
537,61,OC/OA,,,,,
538,61,24,8,6,8,7.333333333,446.08
539,61,58,8,9,9,8.666666667,449.13
540,61,155,6,8,6,6.666666667,480
541,61,30,10,9,8,9,471.36
542,61,73,7,7,10,8,491.66
543,61,112,7,10,6,7.666666667,425
544,62,OC,,,,,
545,62,OA,,,,,
546,62,OC/OA,,,,,
547,62,33,7,10,9,8.666666667,457.91
548,62,114,6,11,8,8.333333333,402.5
549,62,66,11,8,9,9.333333333,388.33
550,62,53,9,13,10,10.66666667,384.58
551,62,125,12,13,11,12,400.83
552,62,69,11,11,11,11,385.83
553,63,OC,,,,,
554,63,OA,,,,,
555,63,OC/OA,,,,,
556,63,105,8,7,8,7.666666667,484.583344
557,63,36,6,10,8,8,447.5
558,63,122,9,6,8,7.666666667,445
559,63,80,7,11,5,7.666666667,447.083344
560,63,29,7,8,8,7.666666667,451.304352
561,63,149,7,8,9,8,444.625
562,64,OC,,,,,
563,64,OA,,,,,
564,64,OC/OA,,,,,
565,64,79,6,8,7,7,570.476196
566,64,150,4,8,3,5,614.117676
567,64,50,7,8,8,7.666666667,590.555542
568,64,87,8,4,10,7.333333333,548.571411
569,64,113,8,8,6,7.333333333,553
570,64,33,7,10,7,8,615.333313
571,65,OC,,,,,
572,65,OA,,,,,
573,65,OC/OA,,,,,
574,65,137,5,4,3,4,400
575,65,24,4,7,7,6,452.916656
576,65,95,9,5,7,7,414.166656
577,65,127,8,9,6,7.666666667,402.083344
578,65,7,6,8,8,7.333333333,416.25
579,65,108,5,7,5,5.666666667,452.608704
580,66,OC,,,,,
581,66,OA,,,,,
582,66,OC/OA,,,,,
583,66,133,7,5,10,7.333333333,392.1
584,66,108,7,7,11,8.333333333,400.43
585,66,9,11,10,11,10.66666667,395.83
586,66,116,14,10,11,11.66666667,419.17
587,66,62,12,9,12,11,438.75
588,66,55,12,13,13,12.66666667,375
589,67,OC,,,,,
590,67,OA,,,,,
591,67,OC/OA,,,,,
592,67,53,6,5,3,4.666666667,430.45
593,67,101,8,7,9,8,412.91
594,67,129,8,9,9,8.666666667,479.73
595,67,60,9,8,4,7,470.83
596,67,14,8,6,9,7.666666667,465.33
597,67,132,7,7,9,7.666666667,452.63
598,68,OC,,,,,
599,68,OA,,,,,
600,68,OC/OA,,,,,
601,68,24,7,8,6,7,454.04
602,68,154,6,10,5,7,411.7
603,68,61,8,8,8,8,454.41
604,68,131,7,8,7,7.333333333,459.58
605,68,44,9,9,9,9,405.21
606,68,107,7,8,9,8,425
607,69,OC,,,,,
608,69,OA,,,,,
609,69,OC/OA,,,,,
610,69,72,6,7,7,6.666666667,428.75
611,69,21,7,6,7,6.666666667,408.333344
612,69,139,6,6,7,6.333333333,447.083344
613,69,45,9,5,5,6.333333333,410.416656
614,69,84,6,8,10,8,419.583344
615,69,123,9,6,8,7.666666667,433.333344
616,70,OC,,,,,
617,70,OA,,,,,
618,70,OC/OA,,,,,
619,70,74,7,8,7,7.333333333,393.75
620,70,112,8,6,7,7,474.458344
621,70,48,6,9,9,8,439.166656
622,70,123,8,7,6,7,440.869568
623,70,77,8,9,7,8,466.086945
624,70,12,9,9,7,8.333333333,466.208344
625,71,OC,,,,,
626,71,OA,,,,,
627,71,OC/OA,,,,,
628,71,146,11,9,8,9.333333333,367.083344
629,71,34,7,10,7,8,404.333344
630,71,88,8,7,7,7.333333333,428.541656
631,71,43,8,10,9,9,410.869568
632,71,142,5,8,9,7.333333333,438.791656
633,71,75,9,7,9,8.333333333,409.434784
634,72,OC,,,,,
635,72,OA,,,,,
636,72,OC/OA,,,,,
637,72,122,7,10,7,8,482.727264
638,72,100,6,6,9,7,477.916656
639,72,35,8,8,8,8,543.5
640,72,98,11,8,8,9,468.304321
641,72,120,7,8,9,8,474.347839
642,72,55,8,10,7,8.333333333,508.260864
643,73,OC,,,,,
644,73,OA,,,,,
645,73,OC/OA,,,,,
646,73,10,8,8,10,8.666666667,422.1
647,73,75,7,8,8,7.666666667,459.17
648,73,140,8,11,10,9.666666667,447.92
649,73,36,9,8,8,8.333333333,403.04
650,73,99,7,7,6,6.666666667,436.52
651,73,131,5,7,6,6,449.57
652,74,OC,,,,,
653,74,OA,,,,,
654,74,OC/OA,,,,,
655,74,56,10,10,8,9.333333333,385.41
656,74,146,6,7,8,7,401.25
657,74,106,11,13,7,10.33333333,385.83
658,74,25,10,12,11,11,376.66
659,74,119,8,10,8,8.666666667,403.47
660,74,64,9,8,7,8,313.33
661,75,OC,,,,,
662,75,OA,,,,,
663,75,OC/OA,,,,,
664,75,83,8,7,6,7,475.95
665,75,10,9,7,5,7,502.38
666,75,111,8,4,9,7,481.2
667,75,82,7,6,8,7,422.5
668,75,19,10,6,5,7,429.58
669,75,142,6,7,5,6,460.12
670,76,OC,,,,,
671,76,OA,,,,,
672,76,OC/OA,,,,,
673,76,60,7,7,7,7,404.91
674,76,133,9,12,7,9.333333333,392.66
675,76,3,10,9,11,10,373.75
676,76,76,6,6,8,6.666666667,372.91
677,76,135,7,12,9,9.333333333,363.75
678,76,31,7,10,7,8,365.16
679,77,OC,,,,,
680,77,OA,,,,,
681,77,OC/OA,,,,,
682,77,148,9,8,7,8,367.083344
683,77,63,9,9,7,8.333333333,404.333344
684,77,20,8,10,8,8.666666667,428.541656
685,77,122,10,10,12,10.66666667,410.869568
686,77,76,9,13,8,10,438.791656
687,77,45,11,11,8,10,409.434784
688,78,OC,,,,,
689,78,OA,,,,,
690,78,OC/OA,,,,,
691,78,38,9,8,9,8.666666667,360.833344
692,78,70,8,7,5,6.666666667,403.33344
693,78,141,10,8,8,8.666666667,371.666656
694,78,90,11,7,6,8,363.333344
695,78,4,9,9,9,9,364.166656
696,78,145,9,10,9,9.333333333,332.083344
697,79,OC,,,,,
698,79,OA,10,8,8,8.666666667,482.083344
699,79,OC/OA,5,9,7,7,505.217377
700,79,147,7,5,10,7.333333333,481.666656
701,79,26,9,8,6,7.666666667,439.565216
702,79,85,6,6,7,6.333333333,440.416656
703,79,121,8,9,10,9,507.5
704,80,OC,,,,,
705,80,OA,,,,,
706,80,OC/OA,,,,,
707,80,88,4,5,6,5,410.87
708,80,124,7,6,6,6.333333333,390.83
709,80,32,8,5,6,6.333333333,414.78
710,80,131,6,6,5,5.666666667,427.5
711,80,94,6,4,4,4.666666667,399.58
712,80,41,4,7,6,5.666666667,425.22
713,81,OC,,,,,
714,81,OA,,,,,
715,81,OC/OA,,,,,
716,81,130,6,8,7,7,492.08
717,81,98,6,6,6,6,505.45
718,81,5,7,6,9,7.333333333,472.91
719,81,64,5,8,6,6.333333333,532.6
720,81,124,7,5,5,5.666666667,459.13
721,81,46,5,8,5,6,448.33
722,82,OC,,,,,
723,82,OA,,,,,
724,82,OC/OA,,,,,
725,82,97,8,7,7,7.333333333,372.08
726,82,49,7,12,10,9.666666667,360
727,82,68,9,9,10,9.333333333,363.75
728,82,28,10,9,7,8.666666667,384.58
729,82,102,9,5,7,7,392.87
730,82,17,9,10,5,8,366.52
731,83,OC,,,,,
732,83,OA,,,,,
733,83,OC/OA,,,,,
734,83,68,8,8,5,7,344.16
735,83,22,7,8,6,7,359.16
736,83,62,7,6,8,7,357.5
737,83,7,5,6,8,6.333333333,377.91
738,84,OC,,,,,
739,84,OA,,,,,
740,84,OC/OA,,,,,
741,84,100,5,7,7,6.333333333,488.33
742,84,46,7,4,5,5.333333333,491.16
743,84,66,5,4,4,4.333333333,452.72
744,84,37,5,6,7,6,490.95
745,84,74,7,3,5,5,458.95
746,84,55,6,5,6,5.666666667,461.22
747,84,91,7,8,6,7,419.41
748,85,OC,,,,,
749,85,OA,,,,,
750,85,OC/OA,,,,,
751,85,1,5,5,3,4.333333333,447.63
752,85,31,4,4,4,4,484.5
753,85,119,4,5,4,4.333333333,517
754,85,71,5,3,7,5,477.27
755,85,50,6,7,6,6.333333333,438.26
756,85,127,5,7,6,6,488.82
757,85,27,7,5,5,5.666666667,473.39
758,86,OC,,,,,
759,86,OA,,,,,
760,86,OC/OA,,,,,
761,86,109,4,6,4,4.666666667,432.916656
762,86,16,6,3,6,5,498.75
763,86,139,9,7,4,6.666666667,418.75
764,86,42,6,5,5,5.333333333,421.25
765,86,110,4,6,4,4.666666667,422.5
766,86,6,8,7,7,7.333333333,419.565216
767,87,OC,,,,,
768,87,OA,,,,,
769,87,OC/OA,,,,,
770,87,79,12,9,9,10,449.916656
771,87,117,10,7,9,8.666666667,401.82608
772,87,2,7,10,10,9,394.958344
773,87,138,7,8,6,7,401.875
774,72SF,OC,,,,,
775,72SF,OA,,,,,
776,72SF,OC/OA,,,,,
777,72SF,122,12,8,9,9.666666667,408.333344
778,72SF,100,8,9,9,8.666666667,454.166656
779,72SF,35,9,8,9,8.666666667,452
780,72SF,98,10,7,7,8,463.181824
781,72SF,120,9,7,8,8,493.291656
782,1B,OC,,,,,
783,1B,OA,,,,,
784,1B,OC/OA,,,,,
785,1B,1,7,7,9,7.666666667,438.75
786,2B,OC,,,,,
787,2B,OA,,,,,
788,2B,OC/OA,,,,,
789,2B,1,7,6,5,6,457.875
790,3B,OC,,,,,
791,3B,OA,,,,,
792,3B,OC/OA,,,,,
793,3B,1,7,9,6,7.333333333,680
794,4B,OC,,,,,
795,4B,OA,,,,,
796,4B,OC/OA,,,,,
797,4B,1,7,7,8,7.333333333,360.71
798,5B,OC,,,,,
799,5B,OA,,,,,
800,5B,OC/OA,,,,,
801,5B,1,7,6,7,6.666666667,471.75
802,6B,OC,,,,,
803,6B,OA,,,,,
804,6B,OC/OA,,,,,
805,6B,1,7,8,6,7,548.37
806,7B,OC,,,,,
807,7B,OA,,,,,
808,7B,OC/OA,,,,,
809,7B,1,5,8,9,7.333333333,436.42
810,8B,OC,,,,,
811,8B,OA,,,,,
812,8B,OC/OA,,,,,
813,8B,1,9,8,7,8,447.04
814,9B,OC,,,,,
815,9B,OA,,,,,
816,9B,OC/OA,,,,,
817,9B,1,9,9,7,8.333333333,403.04
818,10B,OC,,,,,
819,10B,OA,,,,,
820,10B,OC/OA,,,,,
821,10B,1,5,6,5,5.333333333,399.3
822,11B,OC,,,,,
823,11B,OA,,,,,
824,11B,OC/OA,,,,,
825,11B,1,6,6,6,6,383.37
826,12B,OC,,,,,
827,12B,OA,,,,,
828,12B,OC/OA,,,,,
829,12B,2,9,7,9,8.333333333,382
830,13B,OC,,,,,
831,13B,OA,,,,,
832,13B,OC/OA,,,,,
833,13B,2,5,6,6,5.666666667,522.05
834,14B,OC,,,,,
835,14B,OA,,,,,
836,14B,OC/OA,,,,,
837,14B,2,9,9,7,8.333333333,367.17
838,15B,OC,,,,,
839,15B,OA,,,,,
840,15B,OC/OA,,,,,
841,15B,2,7,6,8,7,503.41
842,16B,OC,,,,,
843,16B,OA,,,,,
844,16B,OC/OA,,,,,
845,16B,2,10,9,8,9,402.63
846,17B,OC,,,,,
847,17B,OA,,,,,
848,17B,OC/OA,,,,,
849,17B,2,8,12,6,8.666666667,382.96
850,18B,OC,,,,,
851,18B,OA,,,,,
852,18B,OC/OA,,,,,
853,18B,2,9,6,7,7.333333333,413.71
854,19B,OC,,,,,
855,19B,OA,,,,,
856,19B,OC/OA,,,,,
857,19B,2,6,7,5,6,470.72
858,20B,OC,,,,,
859,20B,OA,,,,,
860,20B,OC/OA,,,,,
861,20B,2,7,6,7,6.666666667,436.13
862,21B,OC,,,,,
863,21B,OA,,,,,
864,21B,OC/OA,,,,,
865,21B,2,7,7,8,7.333333333,426.96
866,22B,OC,,,,,
867,22B,OA,,,,,
868,22B,OC/OA,,,,,
869,22B,2,6,7,8,7,511.26
1,1,OC,,,,,0
2,1,OA,,,,,0
3,1,OC/OA,,,,,0
4,1,28,6,8,8,7.333333333,437.3333333
5,1,213,5,6,5,5.333333333,460
6,1,40,4,7,3,4.666666667,472
7,1,214,6,5,5,5.333333333,472.6666667
8,1,116,4,6,4,4.666666667,418
9,2,OC,,,,,0
10,2,OA,,,,,0
11,2,OC/OA,,,,,0
12,2,28,5,5,3,4.333333333,528.6666667
13,2,210,5,4,5,4.666666667,580
14,2,203,6,2,4,4,529.6666667
15,2,62,3,6,2,3.666666667,568
16,3,OC,,,,,0
17,3,OA,,,,,0
18,3,OC/OA,,,,,0
19,3,28,8,6,6,6.666666667,430.3333333
20,3,205,6,5,7,6,432
21,3,202,4,6,5,5,470.75
22,3,62,4,6,5,5,442.3433333
23,3,128,4,6,4,4.666666667,443.8333333
24,4,OC,,,,,0
25,4,OA,,,,,0
26,4,OC/OA,,,,,0
27,4,28,7,9,9,8.333333333,404
28,4,217,9,7,8,8,397
29,4,216,11,10,10,10.33333333,416.6666667
30,4,208,8,11,11,10,441.3333333
31,4,210,9,9,8,8.666666667,386
32,5,OC,,,,,0
33,5,OA,,,,,0
34,5,OC/OA,,,,,0
35,5,28,8,7,8,7.666666667,382.6666667
36,5,201,7,8,10,8.333333333,367.3333333
37,5,203,5,5,6,5.333333333,393
38,5,222,5,7,7,6.333333333,382.3333333
39,5,146,4,5,4,4.333333333,397
40,6,OC,,,,,0
41,6,OA,,,,,0
42,6,OC/OA,,,,,0
43,6,28,8,5,8,7,457
44,6,64,8,6,8,7.333333333,464.3333333
45,6,16,9,5,9,7.666666667,456
46,6,204,8,7,7,7.333333333,444.3333333
47,6,225,7,8,7,7.333333333,470.3333333
48,7,OC,,,,,0
49,7,OA,,,,,0
50,7,OC/OA,,,,,0
51,7,28,8,6,10,8,518.75
52,7,221,9,8,7,8,588.3333333
53,7,203,7,9,9,8.333333333,507.5
54,7,213,4,6,5,5,531.01
55,7,130,7,7,7,7,504.76
56,8,OC,,,,,0
57,8,OA,,,,,0
58,8,OC/OA,,,,,0
59,8,28,9,7,9,8.333333333,470
60,8,210,7,8,11,8.666666667,465.3333333
61,8,4,10,9,9,9.333333333,454.3333333
62,8,211,10,11,7,9.333333333,494.3333333
63,8,136,11,13,10,11.33333333,470
64,9,OC,,,,,0
65,9,OA,,,,,0
66,9,OC/OA,,,,,0
67,9,28,7,8,5,6.666666667,438.3333333
68,9,62,7,5,5,5.666666667,446
69,9,10,8,6,7,7,468
70,9,220,5,5,9,6.333333333,445.6666667
71,9,142,8,6,4,6,458
72,10,OC,,,,,0
73,10,OA,,,,,0
74,10,OC/OA,,,,,0
75,10,28,9,8,8,8.333333333,391.6666667
76,10,219,9,8,6,7.666666667,414.3333333
77,10,34,8,9,10,9,407.3333333
78,10,211,10,9,10,9.666666667,407.3333333
79,10,224,9,7,5,7,390
80,11,OC,,,,,0
81,11,OA,,,,,0
82,11,OC/OA,,,,,0
83,11,28,8,9,8,8.333333333,573
84,11,214,8,4,7,6.333333333,485.6666667
85,11,16,6,7,5,6,539.3333333
86,11,86,8,8,7,7.666666667,575
87,11,154,6,8,7,7,553
88,12,OC,,,,,0
89,12,OA,,,,,0
90,12,OC/OA,,,,,0
91,12,28,3,6,8,5.666666667,526.3066667
92,12,219,7,8,6,7,469.1666667
93,12,34,7,6,5,6,451.25
94,12,205,7,8,9,8,479.1066667
95,12,134,6,6,10,7.333333333,533.39
96,13,OC,,,,,0
97,13,OA,,,,,0
98,13,OC/OA,,,,,0
99,13,28,4,6,8,6,390.8333333
100,13,96,6,5,4,5,389.1666667
101,13,16,6,4,5,5,411.7266667
102,13,216,5,3,5,4.333333333,437.9166667
103,13,225,7,8,7,7.333333333,382.0833333
104,14,OC,,,,,0
105,14,OA,,,,,0
106,14,OC/OA,,,,,0
107,14,28,8,5,6,6.333333333,480
108,14,96,6,6,6,6,491.3333333
109,14,40,7,6,5,6,552.6666667
110,14,216,4,7,5,5.333333333,553.6666667
111,14,118,5,7,5,5.666666667,597.6666667
112,15,OC,,,,,0
113,15,OA,,,,,0
114,15,OC/OA,,,,,0
115,15,28,8,10,5,7.666666667,523
116,15,211,6,8,7,7,538.6666667
117,15,52,6,7,5,6,488
118,15,213,10,7,9,8.666666667,506.3333333
119,15,110,9,11,9,9.666666667,482.3333333
120,16,OC,,,,,0
121,16,OA,,,,,0
122,16,OC/OA,,,,,0
123,16,28,6,6,10,7.333333333,531.3333333
124,16,207,7,2,6,5,478.3333333
125,16,202,5,8,4,5.666666667,496
126,16,218,8,7,6,7,550.6666667
127,16,136,10,6,6,7.333333333,528
128,17,OC,,,,,0
129,17,OA,,,,,0
130,17,OC/OA,,,,,0
131,17,28,6,5,6,5.666666667,425.6666667
132,17,219,9,8,6,7.666666667,442.6666667
133,17,34,6,9,3,6,0
134,17,76,5,3,8,5.333333333,423
135,17,223,8,8,8,8,430
136,18,OC,,,,,0
137,18,OA,,,,,0
138,18,OC/OA,,,,,0
139,18,28,6,7,7,6.666666667,433
140,18,206,7,5,10,7.333333333,452.6666667
141,18,22,5,8,7,6.666666667,509.3333333
142,18,86,6,5,7,6,494.3333333
143,18,110,7,4,6,5.666666667,509.6666667
144,19,OC,,,,,0
145,19,OA,,,,,0
146,19,OC/OA,,,,,0
147,19,28,7,10,8,8.333333333,454.6666667
148,19,205,10,9,8,9,449
149,19,52,8,6,7,7,505
150,19,217,7,8,7,7.333333333,529.3333333
151,19,118,6,7,6,6.333333333,466.3333333
152,20,OC,,,,,0
153,20,OA,,,,,0
154,20,OC/OA,,,,,0
155,20,28,8,8,9,8.333333333,481.6666667
156,20,207,8,9,5,7.333333333,557.6666667
157,20,4,7,7,4,6,485
158,20,216,6,7,8,7,515.3333333
159,20,142,5,6,6,5.666666667,471
160,21,OC,,,,,0
161,21,OA,,,,,0
162,21,OC/OA,,,,,0
163,21,28,7,7,7,7,433.51
164,21,220,6,5,4,5,375
165,21,52,6,5,6,5.666666667,430
166,21,209,7,6,5,6,382.8566667
167,21,118,6,5,3,4.666666667,368.75
168,22,OC,,,,,0
169,22,OA,,,,,0
170,22,OC/OA,,,,,0
171,22,28,6,3,6,5,361.0166667
172,22,205,6,7,6,6.333333333,345.4166667
173,22,209,8,8,6,7.333333333,1423.75
174,22,206,5,6,5,5.333333333,325.4166667
175,22,221,6,5,5,5.333333333,356.6666667
176,23,OC,,,,,0
177,23,OA,,,,,0
178,23,OC/OA,,,,,0
179,23,28,8,7,8,7.666666667,483
180,23,34,7,9,8,8,416.3333333
181,23,201,7,2,8,5.666666667,492
182,23,130,5,6,7,6,531.3333333
183,23,148,8,6,7,7,500.6666667
184,24,OC,,,,,0
185,24,OA,,,,,0
186,24,OC/OA,,,,,0
187,24,28,,,,,0
188,24,,,,,,0
189,24,,,,,,0
190,24,,,,,,0
191,24,,,,,,0
192,25,OC,,,,,0
193,25,OA,,,,,0
194,25,OC/OA,,,,,0
195,25,28,,,,,0
196,25,,,,,,0
197,25,,,,,,0
198,25,,,,,,0
199,25,,,,,,0
200,26,OC,,,,,0
201,26,OA,,,,,0
202,26,OC/OA,,,,,0
203,26,28,7,5,7,6.333333333,385.3333333
204,26,208,8,9,7,8,407
205,26,201,8,7,8,7.666666667,440.3333333
206,26,76,10,7,6,7.666666667,437.3333333
207,26,134,7,5,7,6.333333333,428.6666667
208,27,OC,,,,,0
209,27,OA,,,,,0
210,27,OC/OA,,,,,0
211,27,28,7,5,8,6.666666667,375.6666667
212,27,213,7,8,9,8,369.3333333
213,27,10,9,8,9,8.666666667,396
214,27,86,8,9,7,8,353.6666667
215,27,118,9,6,9,8,363
216,28,OC,,,,,0
217,28,OA,,,,,0
218,28,OC/OA,,,,,0
219,28,28,8,7,6,7,424
220,28,205,8,6,8,7.333333333,417.6666667
221,28,16,7,10,9,8.666666667,432.3333333
222,28,86,9,7,7,7.666666667,428
223,28,224,9,9,11,9.666666667,454
224,29,OC,,,,,0
225,29,OA,,,,,0
226,29,OC/OA,,,,,0
227,29,28,6,6,5,5.666666667,373.6666667
228,29,208,6,6,6,6,365.3333333
229,29,202,5,5,7,5.666666667,362.3333333
230,29,217,6,3,6,5,396.3333333
231,29,140,4,6,5,5,378
232,30,OC,,,,,0
233,30,OA,,,,,0
234,30,OC/OA,,,,,0
235,30,28,8,5,4,5.666666667,623
236,30,215,5,4,5,4.666666667,475.3333333
237,30,201,3,8,7,6,481.6666667
238,30,208,7,8,5,6.666666667,496.3333333
239,30,224,5,8,3,5.333333333,490.6666667
240,31,OC,,,,,0
241,31,OA,,,,,0
242,31,OC/OA,,,,,0
243,31,28,9,9,6,8,399.6666667
244,31,209,10,5,6,7,399.3333333
245,31,40,7,11,9,9,389
246,31,205,9,6,8,7.666666667,380
247,31,148,7,9,4,6.666666667,343.6666667
248,32,OC,,,,,0
249,32,OA,,,,,0
250,32,OC/OA,,,,,0
251,32,28,11,9,8,9.333333333,452
252,32,217,10,9,8,9,445
253,32,203,7,9,6,7.333333333,433.6666667
254,32,212,8,8,7,7.666666667,438.3333333
255,32,142,8,7,6,7,425.3333333
256,33,OC,,,,,0
257,33,OA,,,,,0
258,33,OC/OA,,,,,0
259,33,28,7,4,8,6.333333333,436
260,33,215,5,4,6,5,426.6666667
261,33,46,8,3,8,6.333333333,397.6666667
262,33,210,5,8,3,5.333333333,395
263,33,222,5,6,6,5.666666667,415
264,34,OC,,,,,0
265,34,OA,,,,,0
266,34,OC/OA,,,,,0
267,34,28,6,9,5,6.666666667,530
268,34,209,8,9,7,8,518
269,34,40,7,6,8,7,534.3333333
270,34,206,4,8,6,6,537.3333333
271,34,122,6,5,4,5,504.3333333
272,35,OC,,,,,0
273,35,OA,,,,,0
274,35,OC/OA,,,,,0
275,35,28,7,9,5,7,520
276,35,207,5,7,5,5.666666667,462.6666667
277,35,203,7,6,8,7,510.3333333
278,35,220,7,6,6,6.333333333,510
279,35,224,6,6,7,6.333333333,514.6666667
280,36,OC,,,,,0
281,36,OA,,,,,0
282,36,OC/OA,,,,,0
283,36,28,6,11,7,8,682.6666667
284,36,219,8,9,7,8,230
285,36,22,7,6,8,7,623.3333333
286,36,96,8,9,4,7,589.6666667
287,36,146,,,,,0
288,37,OC,,,,,0
289,37,OA,,,,,0
290,37,OC/OA,,,,,0
291,37,28,4,7,10,7,544
292,37,212,8,8,9,8.333333333,596
293,37,46,7,6,7,6.666666667,608.3333333
294,37,207,8,5,5,6,611
295,37,128,6,4,8,6,576.3333333
296,38,OC,,,,,0
297,38,OA,,,,,0
298,38,OC/OA,,,,,0
299,38,28,6,9,8,7.666666667,0
300,38,213,9,8,8,8.333333333,0
301,38,201,9,5,9,7.666666667,0
302,38,214,8,5,7,6.666666667,0
303,38,124,8,7,6,7,0
304,39,OC,,,,,0
305,39,OA,,,,,0
306,39,OC/OA,,,,,0
307,39,28,4,6,4,4.666666667,493
308,39,220,5,5,3,4.333333333,490.6666667
309,39,4,7,4,6,5.666666667,474.3333333
310,39,62,5,6,4,5,445.3333333
311,39,223,7,3,2,4,519.6666667
312,40,OC,,,,,0
313,40,OA,,,,,0
314,40,OC/OA,,,,,0
315,40,28,9,7,8,8,398.3333333
316,40,209,5,6,9,6.666666667,418.3333333
317,40,22,10,9,11,10,424
318,40,204,11,9,9,9.666666667,407
319,40,224,10,10,10,10,455
320,41,OC,,,,,0
321,41,OA,,,,,0
322,41,OC/OA,,,,,0
323,41,28,7,5,4,5.333333333,442.6666667
324,41,219,5,4,5,4.666666667,401.6666667
325,41,203,6,5,6,5.666666667,419
326,41,96,4,5,7,5.333333333,463.6666667
327,41,110,6,5,7,6,399
328,42,OC,,,,,0
329,42,OA,,,,,0
330,42,OC/OA,,,,,0
331,42,28,5,8,8,7,439.3333333
332,42,216,5,7,9,7,456.3333333
333,42,4,5,4,8,5.666666667,504.3333333
334,42,212,8,6,8,7.333333333,504.3333333
335,42,223,8,9,5,7.333333333,504.6666667
336,43,OC,,,,,0
337,43,OA,,,,,0
338,43,OC/OA,,,,,0
339,43,28,10,8,7,8.333333333,0
340,43,221,5,4,9,6,0
341,43,202,7,9,5,7,0
342,43,211,7,5,6,6,0
343,43,136,5,6,6,5.666666667,0
344,44,OC,,,,,0
345,44,OA,,,,,0
346,44,OC/OA,,,,,0
347,44,28,7,9,8,8,495
348,44,217,7,7,10,8,455.3333333
349,44,201,5,6,6,5.666666667,465.6666667
350,44,220,6,5,6,5.666666667,531.3333333
351,44,130,7,8,6,7,492.3333333
352,45,OC,,,,,0
353,45,OA,,,,,0
354,45,OC/OA,,,,,0
355,45,28,5,5,8,6,446.3333333
356,45,215,9,7,10,8.666666667,445.6666667
357,45,34,8,11,9,9.333333333,447.6666667
358,45,207,10,7,7,8,416.6666667
359,45,128,7,7,7,7,416.3333333
360,46,OC,,,,,0
361,46,OA,,,,,0
362,46,OC/OA,,,,,0
363,46,28,6,7,6,6.333333333,497
364,46,220,7,6,7,6.666666667,645.3333333
365,46,4,6,7,3,5.333333333,631.3333333
366,46,218,7,5,5,5.666666667,561.3333333
367,46,152,5,3,5,4.333333333,592.3333333
368,47,OC,,,,,0
369,47,OA,,,,,0
370,47,OC/OA,,,,,0
371,47,28,8,8,7,7.666666667,0
372,47,96,9,10,8,9,0
373,47,202,7,8,7,7.333333333,0
374,47,209,8,4,6,6,0
375,47,222,8,6,8,7.333333333,0
376,48,OC,,,,,0
377,48,OA,,,,,0
378,48,OC/OA,,,,,0
379,48,28,7,8,6,7,495
380,48,204,10,7,8,8.333333333,455.3333333
381,48,46,8,8,6,7.333333333,465.6666667
382,48,206,7,5,5,5.666666667,531.3333333
383,48,223,7,9,7,7.666666667,492.3333333
384,49,OC,,,,,0
385,49,OA,,,,,0
386,49,OC/OA,,,,,0
387,49,28,4,8,7,6.333333333,618.6666667
388,49,207,5,8,5,6,578.3333333
389,49,203,5,6,4,5,599.6666667
390,49,211,5,4,5,4.666666667,595
391,49,222,4,6,4,4.666666667,580.3333333
392,50,OC,,,,,0
393,50,OA,,,,,0
394,50,OC/OA,,,,,0
395,50,28,9,7,5,7,459.6666667
396,50,219,6,6,7,6.333333333,473.3333333
397,50,10,7,6,4,5.666666667,446.6666667
398,50,218,8,6,7,7,467.3333333
399,50,113,5,5,8,6,432.6666667
400,51,OC,,,,,0
401,51,OA,,,,,0
402,51,OC/OA,,,,,0
403,51,28,6,8,7,7,0
404,51,209,4,9,7,6.666666667,0
405,51,202,4,7,4,5,0
406,51,212,4,4,4,4,0
407,51,136,6,7,8,7,0
408,52,OC,,,,,0
409,52,OA,,,,,0
410,52,OC/OA,,,,,0
411,52,28,9,9,9,9,428.6666667
412,52,217,7,9,8,8,412.6666667
413,52,201,8,8,11,9,411
414,52,206,7,9,6,7.333333333,407.6666667
415,52,128,6,8,7,7,341.6666667
416,53,OC,,,,,0
417,53,OA,,,,,0
418,53,OC/OA,,,,,0
419,53,28,6,6,6,6,469
420,53,221,7,8,9,8,502.3333333
421,53,46,9,7,7,7.666666667,509.3333333
422,53,213,7,8,6,7,496
423,53,116,9,9,7,8.333333333,514
424,54,OC,,,,,0
425,54,OA,,,,,0
426,54,OC/OA,,,,,0
427,54,28,8,7,9,8,482
428,54,220,8,7,7,7.333333333,423.6666667
429,54,10,9,6,8,7.666666667,467.6666667
430,54,207,8,10,8,8.666666667,467.6666667
431,54,148,5,7,8,6.666666667,491.6666667
432,55,OC,,,,,0
433,55,OA,,,,,0
434,55,OC/OA,,,,,0
435,55,28,5,8,4,5.666666667,463.3333333
436,55,221,8,8,5,7,540.3333333
437,55,203,7,5,8,6.666666667,544
438,55,218,10,9,5,8,519.3333333
439,55,-,,,,,0
440,56,OC,,,,,0
441,56,OA,,,,,0
442,56,OC/OA,,,,,0
443,56,28,7,4,6,5.666666667,387.3333333
444,56,215,5,5,4,4.666666667,382.3333333
445,56,40,6,5,5,5.333333333,385.6666667
446,56,208,6,7,6,6.333333333,419.6666667
447,56,146,4,6,7,5.666666667,414.6666667
448,57,OC,,,,,0
449,57,OA,,,,,0
450,57,OC/OA,,,,,0
451,57,28,5,7,3,5,0
452,57,64,6,5,6,5.666666667,0
453,57,22,9,8,9,8.666666667,0
454,57,206,6,6,9,7,0
455,57,116,7,8,5,6.666666667,0
456,58,OC,,,,,0
457,58,OA,,,,,0
458,58,OC/OA,,,,,0
459,58,28,8,5,6,6.333333333,281.31
460,58,211,7,6,7,6.666666667,420.25
461,58,202,7,7,7,7,444.3333333
462,58,210,9,7,9,8.333333333,435.3333333
463,58,142,9,9,8,8.666666667,427.3333333
464,59,OC,,,,,0
465,59,OA,,,,,0
466,59,OC/OA,,,,,0
467,59,28,5,9,7,7,0
468,59,212,6,5,6,5.666666667,0
469,59,22,4,14,3,7,0
470,59,218,5,4,5,4.666666667,0
471,59,146,5,5,6,5.333333333,0
472,60,OC,,,,,0
473,60,OA,,,,,0
474,60,OC/OA,,,,,0
475,60,28,5,9,9,7.666666667,480.3333333
476,60,214,9,7,9,8.333333333,461.6666667
477,60,202,10,8,8,8.666666667,455
478,60,208,10,8,8,8.666666667,438.3333333
479,60,122,8,9,10,9,434.6666667
480,61,OC,,,,,0
481,61,OA,,,,,0
482,61,OC/OA,,,,,0
483,61,28,5,5,6,5.333333333,557
484,61,210,7,4,6,5.666666667,442.3333333
485,61,213,4,8,2,4.666666667,445
486,61,214,7,7,7,7,421.6666667
487,61,207,5,8,7,6.666666667,461
488,62,OC,,,,,0
489,62,OA,,,,,0
490,62,OC/OA,,,,,0
491,62,28,8,7,4,6.333333333,445.3333333
492,62,213,7,5,7,6.333333333,477.3333333
493,62,52,4,8,4,5.333333333,510.6666667
494,62,207,5,4,6,5,468
495,62,112,4,6,5,5,472.3333333
496,63,OC,,,,,0
497,63,OA,,,,,0
498,63,OC/OA,,,,,0
499,63,28,5,8,8,7,538.6666667
500,63,208,11,6,5,7.333333333,537.3333333
501,63,46,6,3,7,5.333333333,478.3333333
502,63,204,8,5,6,6.333333333,497.6666667
503,63,146,6,6,7,6.333333333,465.3333333
504,64,OC,,,,,0
505,64,OA,,,,,0
506,64,OC/OA,,,,,0
507,64,28,5,7,6,6,484.6666667
508,64,76,8,5,5,6,493.3333333
509,64,225,8,8,9,8.333333333,460.3333333
510,64,219,9,7,8,8,463.6666667
511,64,222,5,5,5,5,480.6666667
512,65,OC,,,,,0
513,65,OA,,,,,0
514,65,OC/OA,,,,,0
515,65,28,5,7,6,6,0
516,65,22,5,6,5,5.333333333,0
517,65,134,3,2,3,2.666666667,0
518,65,204,4,2,4,3.333333333,0
519,65,148,2,2,4,2.666666667,0
520,66,OC,,,,,0
521,66,OA,,,,,0
522,66,OC/OA,,,,,0
523,66,28,8,7,8,7.666666667,0
524,66,216,7,5,8,6.666666667,0
525,66,152,6,7,8,7,0
526,66,215,6,5,4,5,0
527,66,140,4,6,6,5.333333333,0
528,67,OC,,,,,0
529,67,OA,,,,,0
530,67,OC/OA,,,,,0
531,67,28,9,6,8,7.666666667,472.3333333
532,67,214,7,8,9,8,305.3333333
533,67,225,8,5,8,7,425.6666667
534,67,76,2,8,6,5.333333333,378.3333333
535,67,154,8,8,7,7.666666667,420
536,68,OC,,,,,0
537,68,OA,,,,,0
538,68,OC/OA,,,,,0
539,68,28,6,7,9,7.333333333,557
540,68,211,8,9,8,8.333333333,537.6666667
541,68,142,9,7,6,7.333333333,507
542,68,86,6,5,8,6.333333333,514.3333333
543,68,223,5,6,7,6,542.6666667
544,69,OC,,,,,0
545,69,OA,,,,,0
546,69,OC/OA,,,,,0
547,69,28,7,8,4,6.333333333,424.6666667
548,69,213,8,6,5,6.333333333,443.6666667
549,69,116,6,5,5,5.333333333,489.3333333
550,69,214,5,5,6,5.333333333,480.6666667
551,69,112,6,5,6,5.666666667,496.6666667
552,70,OC,,,,,0
553,70,OA,,,,,0
554,70,OC/OA,,,,,0
555,70,28,5,4,6,5,517.6666667
556,70,212,6,9,5,6.666666667,531.3333333
557,70,222,7,5,6,6,523.3333333
558,70,216,6,8,6,6.666666667,560.3333333
559,70,128,6,5,7,6,557
560,71,OC,,,,,0
561,71,OA,,,,,0
562,71,OC/OA,,,,,0
563,71,28,9,7,8,8,388.3333333
564,71,76,8,9,6,7.666666667,404.6666667
565,71,224,6,7,7,6.666666667,401.3333333
566,71,215,8,9,8,8.333333333,398.3333333
567,71,124,10,9,10,9.666666667,408.6666667
568,72,OC,,,,,0
569,72,OA,,,,,0
570,72,OC/OA,,,,,0
571,72,28,6,8,5,6.333333333,538.3333333
572,72,220,8,4,8,6.666666667,556.6666667
573,72,124,7,8,10,8.333333333,569.3333333
574,72,221,8,6,6,6.666666667,576.3333333
575,72,225,9,8,8,8.333333333,544
576,73,OC,,,,,0
577,73,OA,,,,,0
578,73,OC/OA,,,,,0
579,73,28,6,7,7,6.666666667,494.3333333
580,73,205,6,4,4,4.666666667,568
581,73,130,8,7,6,7,619
582,73,217,7,6,9,7.333333333,560.6666667
583,73,224,7,7,7,7,594.6666667
584,74,OC,,,,,0
585,74,OA,,,,,0
586,74,OC/OA,,,,,0
587,74,28,9,8,5,7.333333333,0
588,74,218,5,6,6,5.666666667,0
589,74,154,7,8,7,7.333333333,0
590,74,211,11,8,9,9.333333333,0
591,74,152,6,10,9,8.333333333,0
592,75,OC,,,,,0
593,75,OA,,,,,0
594,75,OC/OA,,,,,0
595,75,28,5,7,5,5.666666667,504.6666667
596,75,210,8,7,6,7,500.3333333
597,75,134,3,7,5,5,466
598,75,217,5,6,6,5.666666667,443
599,75,152,6,6,6,6,421
600,76,OC,,,,,0
601,76,OA,,,,,0
602,76,OC/OA,,,,,0
603,76,28,6,8,11,8.333333333,414.6666667
604,76,205,12,8,8,9.333333333,447.3333333
605,76,222,9,11,10,10,462.3333333
606,76,206,7,3,7,5.666666667,442.3333333
607,76,140,8,7,8,7.666666667,479
608,77,OC,,,,,0
609,77,OA,,,,,0
610,77,OC/OA,,,,,0
611,77,28,9,8,7,8,413.6666667
612,77,204,9,6,9,8,428
613,77,225,10,10,8,9.333333333,421
614,77,212,8,6,6,6.666666667,392
615,77,110,,,,,0
616,78,OC,,,,,0
617,78,OA,,,,,0
618,78,OC/OA,,,,,0
619,78,28,8,6,11,8.333333333,0
620,78,221,8,9,9,8.666666667,0
621,78,112,8,6,6,6.666666667,0
622,78,218,7,6,8,7,0
623,78,116,8,7,10,8.333333333,0
1,1,OC,,,,,0
2,1,OA,,,,,0
3,1,OC/OA,,,,,0
4,1,455,4,6,4,4.666666667,485.85714
5,1,425,6,1,6,4.333333333,445.33095
6,1,420,5,7,4,5.333333333,443.8214267
7,1,422,7,4,7,6,437.0833333
9,2,OC,,,,,0
10,2,OA,,,,,0
11,2,OC/OA,,,,,0
12,2,455,9,12,12,11,593.9761903
13,2,418,9,8,7,8,610.25
14,2,421,8,10,10,9.333333333,629.25
15,2,311,10,9,9,9.333333333,530.095238
16,2,408,8,10,9,9,507.507936
17,3,OC,,,,,0
18,3,OA,,,,,0
19,3,OC/OA,,,,,0
20,3,455,8,9,7,8,474.1666667
21,3,424,9,6,9,8,497.3452367
22,3,428,10,7,8,8.333333333,480.5714267
25,4,OC,,,,,0
26,4,OA,,,,,0
27,4,OC/OA,,,,,0
28,4,455,5,8,6,6.333333333,424.70238
29,4,452,7,7,8,7.333333333,422.5
30,4,311,7,4,7,6,377.5
31,4,453,8,6,7,7,385.8333333
32,4,438,5,7,6,6,382.5
33,5,OC,,,,,0
34,5,OA,,,,,0
35,5,OC/OA,,,,,0
36,5,455,6,4,4,4.666666667,183.8888889
37,5,446,4,6,4,4.666666667,387.1111111
38,5,451,4,6,5,5,427.4444444
39,5,441,7,7,7,7,0
41,6,OC,,,,,0
42,6,OA,,,,,0
43,6,OC/OA,,,,,0
44,6,455,7,7,7,7,415.0595238
45,6,425,6,6,6,6,440.7083333
46,6,420,6,7,7,6.666666667,411.9166667
47,6,314,7,7,4,6,432.75
48,6,449,6,8,6,6.666666667,428.797619
49,7,OC,,,,,0
50,7,OA,,,,,0
51,7,OC/OA,,,,,0
52,7,455,7,5,5,5.666666667,643.8333333
53,7,427,5,5,5,5,593.2222222
54,7,420,7,8,5,6.666666667,642.109127
55,7,445,6,7,5,6,630.1916667
56,7,310,6,7,7,6.666666667,578.0337302
57,8,OC,,,,,0
58,8,OA,,,,,0
59,8,OC/OA,,,,,0
60,8,455,5,7,8,6.666666667,525.8333333
61,8,414,8,4,6,6,575.5952367
63,8,437,4,5,6,5,0
64,8,315,6,7,5,6,0
65,9,OC,,,,,0
66,9,OA,,,,,0
67,9,OC/OA,,,,,0
68,9,455,7,9,6,7.333333333,460.8333333
69,9,431,7,9,4,6.666666667,406.90476
70,9,450,6,6,8,6.666666667,443.45238
71,9,422,5,9,10,8,450
72,9,417,8,4,9,7,469.2678567
73,10,OC,,,,,0
74,10,OA,,,,,0
75,10,OC/OA,,,,,0
76,10,455,9,8,6,7.666666667,421
77,10,408,7,8,8,7.666666667,417.5
78,10,426,8,7,7,7.333333333,379.1666667
79,10,406,7,8,6,7,398
80,10,407,9,9,9,9,378.625
81,11,OC,,,,,0
82,11,OA,,,,,0
83,11,OC/OA,,,,,0
84,11,455,4,7,8,6.333333333,413.5178571
85,11,441,5,6,7,6,456
86,11,436,7,5,8,6.666666667,417.5
87,11,311,6,5,6,5.666666667,421.9345238
88,11,402,8,8,7,7.666666667,449.6666667
89,12,OC,,,,,0
90,12,OA,,,,,0
91,12,OC/OA,,,,,0
92,12,455,4,6,6,5.333333333,571.2222222
93,12,314,5,4,5,4.666666667,455.5555556
95,12,312,7,5,5,5.666666667,203.3333333
96,12,401,5,8,3,5.333333333,647.9166667
97,13,OC,,,,,0
98,13,OA,,,,,0
99,13,OC/OA,,,,,0
100,13,455,8,6,10,8,506.7658702
101,13,426,8,6,8,7.333333333,436.6666667
102,13,444,7,9,7,7.666666667,456.6666667
103,13,418,7,8,7,7.333333333,453.3333333
104,13,448,8,10,8,8.666666667,468.2738067
105,14,OC,,,,,0
106,14,OA,,,,,0
107,14,OC/OA,,,,,0
108,14,455,7,7,5,6.333333333,415
109,14,418,7,8,8,7.666666667,390
110,14,438,6,7,6,6.333333333,414.1666667
111,14,307,4,6,8,6,418.3333333
112,14,447,7,7,6,6.666666667,408.75
113,15,OC,,,,,0
114,15,OA,,,,,0
115,15,OC/OA,,,,,0
116,15,455,5,6,8,6.333333333,403.875
117,15,424,6,6,9,7,393.25
118,15,411,8,8,8,8,427.3333333
119,15,401,7,9,8,8,447.5416667
120,15,449,7,8,6,7,456.5833333
121,16,OC,,,,,0
122,16,OA,,,,,0
123,16,OC/OA,,,,,0
124,16,455,10,8,8,8.666666667,373.1666667
125,16,416,9,8,9,8.666666667,398.8166667
127,16,411,8,8,9,8.333333333,371.7916667
128,16,426,10,11,11,10.66666667,381.375
129,17,OC,,,,,0
130,17,OA,,,,,0
131,17,OC/OA,,,,,0
132,17,455,6,4,7,5.666666667,399.3095238
133,17,415,5,6,7,6,430
134,17,410,8,7,6,7,406.0416667
136,17,427,7,6,7,6.666666667,443.0138889
137,18,OC,,,,,0
138,18,OA,,,,,0
139,18,OC/OA,,,,,0
140,18,455,5,9,8,7.333333333,541.25
141,18,410,8,7,7,7.333333333,548.8869047
142,18,411,8,9,8,8.333333333,526.9166667
143,18,309,12,7,9,9.333333333,518.017857
144,18,315,8,8,8,8,487.738095
145,19,OC,,,,,0
146,19,OA,,,,,0
147,19,OC/OA,,,,,0
148,19,455,4,7,5,5.333333333,494.0555555
149,19,447,8,7,4,6.333333333,472.7916666
150,19,421,7,5,8,6.666666667,447.660714
151,19,432,7,8,7,7.333333333,407.3869047
152,19,454,7,6,3,5.333333333,448.9023783
153,20,OC,,,,,0
154,20,OA,,,,,0
155,20,OC/OA,,,,,0
156,20,455,9,8,6,7.666666667,417.875
157,20,446,7,8,7,7.333333333,525.4523807
158,20,309,7,5,6,6,522.880952
159,20,413,5,10,7,7.333333333,515
160,20,422,6,9,7,7.333333333,490.8333333
161,21,OC,,,,,0
162,21,OA,,,,,0
163,21,OC/OA,,,,,0
164,21,455,6,8,6,6.666666667,352.5833333
165,21,438,6,5,4,5,332.5416667
169,22,OC,,,,,0
170,22,OA,,,,,0
171,22,OC/OA,,,,,0
172,22,455,8,7,7,7.333333333,417.9166667
173,22,401,7,6,6,6.333333333,412.1666667
175,22,424,8,8,7,7.666666667,422.7321429
176,22,441,7,5,8,6.666666667,424.4583333
177,23,OC,,,,,0
178,23,OA,,,,,0
179,23,OC/OA,,,,,0
180,23,455,6,7,6,6.333333333,520.65
181,23,426,8,8,9,8.333333333,556.75
182,23,450,11,4,9,8,509.1845237
183,23,406,8,7,6,7,567.3829362
184,23,430,6,6,7,6.333333333,556.5416667
185,24,OC,,,,,0
186,24,OA,,,,,0
187,24,OC/OA,,,,,0
188,24,455,5,9,7,7,444.7023807
189,24,401,7,8,6,7,440.7142857
190,24,443,10,8,8,8.666666667,410.410714
191,24,450,4,5,9,6,420.5833333
192,24,435,7,5,3,5,477.410714
193,25,OC,,,,,0
194,25,OA,,,,,0
195,25,OC/OA,,,,,0
196,25,455,5,6,4,5,625.9444443
197,25,447,3,4,5,4,659.8
198,25,444,5,3,5,4.333333333,608.861111
199,25,428,6,5,8,6.333333333,634.822222
200,25,448,6,4,5,5,602.7833333
201,26,OC,,,,,0
202,26,OA,,,,,0
203,26,OC/OA,,,,,0
204,26,455,7,7,7,7,479
205,26,419,8,4,6,6,492.5
206,26,413,5,4,7,5.333333333,513.8095238
207,26,429,6,9,7,7.333333333,530.1369048
209,27,OC,,,,,0
210,27,OA,,,,,0
211,27,OC/OA,,,,,0
212,27,455,7,5,9,7,351.392857
213,27,307,9,10,10,9.666666667,533.0416667
214,27,442,5,7,10,7.333333333,481.3333333
215,27,426,11,9,8,9.333333333,536.8035713
216,27,413,7,10,11,9.333333333,572.2638889
217,28,OC,,,,,0
218,28,OA,,,,,0
219,28,OC/OA,,,,,0
220,28,455,7,7,5,6.333333333,511.625
221,28,423,7,5,7,6.333333333,456.315476
222,28,403,8,5,10,7.666666667,453.416831
224,28,428,7,7,6,6.666666667,427.5833333
225,29,OC,,,,,0
226,29,OA,,,,,0
227,29,OC/OA,,,,,0
228,29,455,6,7,7,6.666666667,0
229,29,409,5,4,7,5.333333333,0
231,29,425,7,5,5,5.666666667,0
232,29,448,4,5,5,4.666666667,0
233,30,OC,,,,,0
234,30,OA,,,,,0
235,30,OC/OA,,,,,0
236,30,455,9,7,8,8,0
237,30,406,9,9,9,9,0
239,30,440,8,7,7,7.333333333,0
240,30,315,8,7,9,8,0
241,31,OC,,,,,0
242,31,OA,,,,,0
243,31,OC/OA,,,,,0
244,31,455,6,9,7,7.333333333,466.6666667
245,31,415,11,9,8,9.333333333,449.0119047
246,31,449,6,10,10,8.666666667,530.4166667
247,31,430,9,8,7,8,520.722222
248,31,313,8,7,4,6.333333333,513.8730153
249,32,OC,,,,,0
250,32,OA,,,,,0
251,32,OC/OA,,,,,0
252,32,455,8,8,7,7.666666667,417.75
253,32,433,7,6,3,5.333333333,452.25
254,32,311,9,9,5,7.666666667,426.4166667
255,32,423,7,5,7,6.333333333,401.5416667
257,33,OC,,,,,0
258,33,OA,,,,,0
259,33,OC/OA,,,,,0
260,33,455,8,10,9,9,488.375
261,33,308,7,4,7,6,492.1408727
262,33,443,7,6,7,6.666666667,527.3511903
264,33,439,5,7,9,7,430.4047617
265,34,OC,,,,,0
266,34,OA,,,,,0
267,34,OC/OA,,,,,0
268,34,455,10,11,8,9.666666667,488.0416667
269,34,307,14,10,7,10.33333333,473.3333333
270,34,413,10,12,9,10.33333333,534.107142
272,34,434,9,8,7,8,561.6071427
273,35,OC,,,,,0
274,35,OA,,,,,0
275,35,OC/OA,,,,,0
276,35,455,5,6,8,6.333333333,441.6666667
277,35,423,7,7,6,6.666666667,424.0416667
278,35,403,8,6,5,6.333333333,398.6428567
279,35,431,4,7,5,5.333333333,402.017857
280,35,449,4,7,6,5.666666667,388.5
281,36,OC,,,,,0
282,36,OA,,,,,0
283,36,OC/OA,,,,,0
284,36,455,10,5,8,7.666666667,422.8333333
285,36,428,9,8,6,7.666666667,416.125
286,36,445,8,6,8,7.333333333,436.625
287,36,451,7,9,4,6.666666667,403.7083333
288,36,309,8,8,7,7.666666667,403.8214283
289,37,OC,,,,,0
290,37,OA,,,,,0
291,37,OC/OA,,,,,0
292,37,455,6,10,6,7.333333333,438.75
294,37,436,,,,,0
296,37,435,,,,,0
297,38,OC,,,,,0
298,38,OA,,,,,0
299,38,OC/OA,,,,,0
300,38,455,9,7,11,9,426.6666667
301,38,437,7,7,8,7.333333333,482.3809523
302,38,430,6,9,8,7.666666667,431.6666667
303,38,405,6,8,8,7.333333333,469.1666667
304,38,309,9,10,8,9,459.1666667
305,39,OC,,,,,0
306,39,OA,,,,,0
307,39,OC/OA,,,,,0
308,39,455,7,8,6,7,439.25
309,39,432,7,6,10,7.666666667,421.5416667
310,39,442,10,6,9,8.333333333,494.1666667
311,39,416,7,7,13,9,370.8333333
312,39,448,8,7,8,7.666666667,410.8333333
313,40,OC,,,,,0
314,40,OA,,,,,0
315,40,OC/OA,,,,,0
316,40,455,9,8,6,7.666666667,395.7142833
317,40,454,5,8,4,5.666666667,434.625
318,40,446,7,9,9,8.333333333,421.25
319,40,307,8,8,6,7.333333333,445
321,41,OC,,,,,0
322,41,OA,,,,,0
323,41,OC/OA,,,,,0
324,41,455,7,7,8,7.333333333,468.75
325,41,310,6,8,8,7.333333333,526.2916667
326,41,405,7,7,6,6.666666667,529.9444444
327,41,418,6,6,7,6.333333333,450.8333333
328,41,435,6,8,8,7.333333333,471.2083333
329,42,OC,,,,,0
330,42,OA,,,,,0
331,42,OC/OA,,,,,0
332,42,455,5,6,8,6.333333333,444.1666667
334,42,445,6,5,9,6.666666667,396.4523807
335,42,314,8,7,8,7.666666667,410.9166667
336,42,403,7,8,7,7.333333333,429.5595237
337,43,OC,,,,,0
338,43,OA,,,,,0
339,43,OC/OA,,,,,0
340,43,455,7,5,5,5.666666667,414.8333333
341,43,308,8,8,7,7.666666667,399.6733333
342,43,405,6,7,11,8,391.6666667
343,43,453,10,6,4,6.666666667,416.2916667
344,43,432,8,7,6,7,396.6666667
345,44,OC,,,,,0
346,44,OA,,,,,0
347,44,OC/OA,,,,,0
348,44,455,8,12,7,9,445.9583333
349,44,439,8,7,13,9.333333333,469.625
350,44,411,7,9,13,9.666666667,474.4166667
351,44,451,12,8,12,10.66666667,459.5833333
352,44,308,3,10,7,6.666666667,457.9166667
353,45,OC,,,,,0
354,45,OA,,,,,0
355,45,OC/OA,,,,,0
356,45,455,8,5,9,7.333333333,419.325
357,45,421,9,8,7,8,411.25
359,45,410,9,7,7,7.666666667,422.2083333
360,45,414,8,6,6,6.666666667,412.9166667
361,46,OC,,,,,0
362,46,OA,,,,,0
363,46,OC/OA,,,,,0
364,46,455,5,7,6,6,493.8273807
365,46,316,8,6,8,7.333333333,480.6666667
366,46,408,6,7,5,6,442.4166667
367,46,312,7,11,7,8.333333333,476.25
368,46,451,8,6,5,6.333333333,425
369,47,OC,,,,,0
370,47,OA,,,,,0
371,47,OC/OA,,,,,0
372,47,455,10,8,9,9,376.8333333
373,47,448,7,8,9,8,413.3333333
375,47,313,5,8,8,7,415.5833333
376,47,453,5,4,9,6,392.4583333
377,48,OC,,,,,0
378,48,OA,,,,,0
379,48,OC/OA,,,,,0
380,48,455,7,7,6,6.666666667,468.3333333
381,48,441,6,6,8,6.666666667,500
382,48,427,5,6,5,5.333333333,467.9166667
383,48,407,7,8,9,8,560
384,48,452,7,7,7,7,518.4523807
385,49,OC,,,,,0
386,49,OA,,,,,0
387,49,OC/OA,,,,,0
388,49,455,10,10,10,10,380
389,49,413,11,10,10,10.33333333,379.5833333
390,49,414,9,9,10,9.333333333,359.5833333
391,49,316,12,10,10,10.66666667,367.0833333
392,49,425,8,12,9,9.666666667,358.75
393,50,OC,,,,,0
394,50,OA,,,,,0
395,50,OC/OA,,,,,0
396,50,455,7,7,6,6.666666667,462.9166667
397,50,419,6,5,6,5.666666667,391.8154757
398,50,444,4,5,8,5.666666667,382.25
399,50,431,7,6,5,6,420.9642857
400,50,403,6,3,6,5,408.0773807
401,51,OC,,,,,0
402,51,OA,,,,,0
403,51,OC/OA,,,,,0
404,51,455,6,9,8,7.666666667,415.8333333
405,51,409,9,7,8,8,433.3333333
407,51,404,5,8,8,7,402.0833333
408,51,402,9,6,6,7,417.095238
409,52,OC,,,,,0
410,52,OA,,,,,0
411,52,OC/OA,,,,,0
412,52,455,6,8,7,7,378.3333333
413,52,424,6,8,6,6.666666667,353.3333333
414,52,403,8,4,8,6.666666667,355.3333333
415,52,441,7,8,6,7,362.9583333
417,53,OC,,,,,0
418,53,OA,,,,,0
419,53,OC/OA,,,,,0
420,53,455,9,9,11,9.666666667,486.25
421,53,445,8,7,7,7.333333333,490
422,53,419,8,9,9,8.666666667,490.6547567
423,53,313,8,9,7,8,494.8214267
424,53,315,8,12,9,9.666666667,594.1666667
425,54,OC,,,,,0
426,54,OA,,,,,0
427,54,OC/OA,,,,,0
428,54,455,8,7,9,8,517.9166667
429,54,419,9,7,7,7.666666667,626.7460313
430,54,416,9,7,11,9,539.291714
431,54,314,5,11,8,8,559.486111
433,55,OC,,,,,0
434,55,OA,,,,,0
435,55,OC/OA,,,,,0
436,55,455,11,9,8,9.333333333,490.4166667
437,55,402,7,9,7,7.666666667,415.5595237
438,55,436,9,6,8,7.666666667,424.5416667
439,55,415,8,9,11,9.333333333,386.5
440,55,444,10,12,10,10.66666667,430.220238
441,56,OC,,,,,0
442,56,OA,,,,,0
443,56,OC/OA,,,,,0
444,56,455,6,4,7,5.666666667,526.25
445,56,443,8,6,7,7,532.0833333
446,56,439,6,8,5,6.333333333,499.625
447,56,433,6,6,5,5.666666667,547.4404762
448,56,421,7,6,5,6,576
449,57,OC,,,,,0
450,57,OA,,,,,0
451,57,OC/OA,,,,,0
452,57,455,7,7,6,6.666666667,389.1666667
453,57,405,7,7,9,7.666666667,403.3333333
454,57,450,9,7,9,8.333333333,445.7738067
455,57,452,10,5,8,7.666666667,414.20833
456,57,449,9,7,7,7.666666667,451.9464267
457,58,OC,,,,,0
458,58,OA,,,,,0
459,58,OC/OA,,,,,0
460,58,455,6,7,7,6.666666667,368.3333333
461,58,310,8,8,6,7.333333333,368.75
462,58,437,6,9,5,6.666666667,384.4166667
463,58,431,7,5,8,6.666666667,370
464,58,407,9,11,8,9.333333333,424.5833333
465,59,OC,,,,,0
466,59,OA,,,,,0
467,59,OC/OA,,,,,0
468,59,455,8,8,8,8,546.1666667
469,59,435,8,8,8,8,477.7619047
470,59,453,9,9,9,9,513.583333
471,59,443,10,6,6,7.333333333,540.9583333
472,59,417,8,8,8,8,573.8492061
473,60,OC,,,,,0
474,60,OA,,,,,0
475,60,OC/OA,,,,,0
476,60,455,7,5,9,7,596.4027777
478,60,433,3,5,7,5,570.6571427
479,60,316,6,8,6,6.666666667,545.722222
480,60,312,5,8,6,6.333333333,569.5714283
481,61,OC,,,,,0
482,61,OA,,,,,0
483,61,OC/OA,,,,,0
484,61,455,9,10,8,9,366.6666667
485,61,434,10,9,8,9,374.5833333
486,61,442,8,12,9,9.666666667,365.8333333
487,61,430,12,8,8,9.333333333,367.9166667
488,61,424,9,9,12,10,340.8333333
489,62,OC,,,,,0
490,62,OA,,,,,0
491,62,OC/OA,,,,,0
492,62,455,9,12,9,10,528.2142833
493,62,404,9,6,9,8,556.9642833
494,62,432,9,8,7,8,478.5119033
495,62,435,9,8,7,8,454.3452367
496,62,308,8,7,6,7,433.3333333
497,63,OC,,,,,0
498,63,OA,,,,,0
499,63,OC/OA,,,,,0
500,63,455,8,6,7,7,613.8093807
501,63,454,7,6,4,5.666666667,651.1190473
503,63,434,8,5,8,7,696.022222
504,63,407,6,7,8,7,676.75
505,64,OC,,,,,0
506,64,OA,,,,,0
507,64,OC/OA,,,,,0
508,64,455,8,12,8,9.333333333,502.5
509,64,434,12,9,7,9.333333333,440.4166667
510,64,408,10,9,13,10.66666667,422.5595233
511,64,417,10,8,8,8.666666667,445.8333333
512,64,453,7,8,8,7.666666667,429.6428567
513,65,OC,,,,,0
514,65,OA,,,,,0
515,65,OC/OA,,,,,0
516,65,455,7,7,6,6.666666667,410.875
518,65,402,11,9,6,8.666666667,469.375
519,65,438,10,9,10,9.666666667,419.125
520,65,451,8,7,6,7,404.25
521,66,OC,,,,,0
522,66,OA,,,,,0
523,66,OC/OA,,,,,0
524,66,455,10,6,8,8,444.1666667
525,66,416,7,7,5,6.333333333,520.8333333
526,66,421,6,6,7,6.333333333,574.2261867
527,66,438,9,7,10,8.666666667,568.8253933
528,66,315,5,3,5,4.333333333,553.3333333
529,67,OC,,,,,0
530,67,OA,,,,,0
531,67,OC/OA,,,,,0
532,67,455,8,9,6,7.666666667,471.25
533,67,309,7,5,9,7,475
534,67,437,7,7,8,7.333333333,427.5
535,67,429,7,10,6,7.666666667,458.15476
536,67,443,8,7,7,7.333333333,440.4166667
537,68,OC,,,,,0
538,68,OA,,,,,0
539,68,OC/OA,,,,,0
540,68,455,8,9,11,9.333333333,460.4166667
542,68,423,9,7,7,7.666666667,510.3690467
543,68,436,6,6,1,4.333333333,528.2380933
544,68,427,5,6,6,5.666666667,472.6805533
545,69,OC,,,,,0
546,69,OA,,,,,0
547,69,OC/OA,,,,,0
548,69,455,11,11,10,10.66666667,512.9166667
549,69,409,11,10,8,9.666666667,485.3571427
550,69,312,11,6,10,9,476.3095233
552,69,404,10,10,11,10.33333333,485.595238
553,70,OC,,,,,0
554,70,OA,,,,,0
555,70,OC/OA,,,,,0
556,70,455,9,7,4,6.666666667,399.5833333
557,70,310,11,10,6,9,375.595238
558,70,313,9,7,7,7.666666667,407.0833333
561,71,OC,,,,,0
562,71,OA,,,,,0
563,71,OC/OA,,,,,0
564,71,455,5,7,8,6.666666667,597.738095
565,71,439,6,5,3,4.666666667,504.220238
566,71,433,8,7,6,7,559.7797617
567,71,454,7,8,6,7,500.535714
568,71,425,7,7,9,7.666666667,543.5773807
569,72,OC,,,,,0
570,72,OA,,,,,0
571,72,OC/OA,,,,,0
572,72,455,5,4,5,4.666666667,499.2440473
573,72,316,5,6,4,5,540.4583333
576,72,440,6,3,5,4.666666667,581.785713
577,73,OC,,,,,0
578,73,OA,,,,,0
579,73,OC/OA,,,,,0
580,73,455,7,7,8,7.333333333,480
581,73,404,6,6,7,6.333333333,468.035714
582,73,412,7,5,5,5.666666667,489.7023807
584,73,307,6,8,9,7.666666667,438.9285713
585,74,OC,,,,,0
586,74,OA,,,,,0
587,74,OC/OA,,,,,0
588,74,455,9,11,9,9.666666667,438.3333333
589,74,429,7,11,10,9.333333333,423.6904733
590,74,439,9,7,10,8.666666667,415.8333333
591,74,442,8,6,8,7.333333333,385.17857
592,74,404,8,7,7,7.333333333,379.7619033
593,75,OC,,,,,0
594,75,OA,,,,,0
595,75,OC/OA,,,,,0
596,75,455,9,10,10,9.666666667,379.738095
597,75,314,7,9,9,8.333333333,384.6666667
599,75,452,10,10,10,10,422.6666667
600,75,454,8,7,10,8.333333333,429.7916667
601,76,OC,,,,,0
602,76,OA,,,,,0
603,76,OC/OA,,,,,0
604,76,455,9,9,9,9,393.2916667
605,76,447,8,9,9,8.666666667,414.1666667
606,76,417,7,7,9,7.666666667,422.6666667
607,76,412,9,8,8,8.333333333,453.9166667
608,76,410,9,9,8,8.666666667,439.3154762
609,77,OC,,,,,0
610,77,OA,,,,,0
611,77,OC/OA,,,,,0
612,77,455,7,11,8,8.666666667,419.1666667
613,77,419,9,9,9,9,415.8333333
614,77,409,,,,,0
615,77,432,,,,,0
616,77,313,6,8,7,7,421.25
617,78,OC,,,,,0
618,78,OA,,,,,0
619,78,OC/OA,,,,,0
620,78,455,8,7,8,7.666666667,470.5833333
621,78,452,6,5,6,5.666666667,506.2003967
622,78,412,5,4,7,5.333333333,535.8253067
624,78,407,8,9,7,8,512.25
625,79,OC,,,,,0
626,79,OA,,,,,0
627,79,OC/OA,,,,,0
628,79,455,7,6,7,6.666666667,512.505952
629,79,430,7,7,7,7,521.035714
630,79,429,7,6,7,6.666666667,557.0952377
632,79,420,4,5,4,4.333333333,483.8333333
633,80,OC,,,,,0
634,80,OA,,,,,0
635,80,OC/OA,,,,,0
636,80,455,8,9,10,9,498.4642857
637,80,313,7,7,7,7,516
638,80,431,7,8,6,7,570.025
639,80,444,6,8,5,6.333333333,562.1666663
641,81,OC,,,,,0
642,81,OA,,,,,0
643,81,OC/OA,,,,,0
644,81,455,6,7,7,6.666666667,460.7738093
645,81,409,8,7,7,7.333333333,475.8338093
646,81,417,6,8,8,7.333333333,456.0595237
648,81,437,,,,,0
649,82,OC,,,,,0
650,82,OA,,,,,0
651,82,OC/OA,,,,,0
652,82,455,7,7,6,6.666666667,465.6011903
655,82,414,6,6,3,5,386.267857
656,82,411,5,6,6,5.666666667,427.375
657,83,OC,,,,,0
658,83,OA,,,,,0
659,83,OC/OA,,,,,0
660,83,455,7,8,4,6.333333333,444.1666667
661,83,316,7,8,11,8.666666667,440
662,83,310,7,6,9,7.333333333,507.97619
664,83,312,9,4,9,7.333333333,583.6904733
